indice,area
NDVI 2000,188.19351749509119
NDVI 2005,223.93488677809358
NDVI 2010,228.88107159842673
NDVI 2015,333.33518486611956
NDVI 2020,295.61238907607924
NDWI 2000,168.56745905638755
NDWI 2005,167.1531818946775
NDWI 2010,167.5202716481648
NDWI 2015,160.94640167079834
NDWI 2020,160.7266992940696
